DROP DATABASE IF EXISTS COFFEESHOP;

CREATE DATABASE COFFEESHOP;

USE COFFEESHOP;

CREATE TABLE EMPLOYEE (
    EMP_ID VARCHAR(10) NOT NULL,
    EMP_NAME VARCHAR(50) NOT NULL,
    DOB DATE NOT NULL,
    WORK_HOURS DOUBLE,
    PRIMARY KEY (EMP_ID)
);

CREATE TABLE CUSTOMER (
    CUSTOMER_ID VARCHAR(10) NOT NULL,
    CUSTOMER_NAME VARCHAR(50),
    PHONE VARCHAR(20),
    EMP_ID VARCHAR(10),
    PRIMARY KEY (CUSTOMER_ID),

    FOREIGN KEY (EMP_ID)
    REFERENCES EMPLOYEE(EMP_ID)
    ON DELETE SET NULL
    ON UPDATE CASCADE
);

CREATE TABLE DRINK (
    DRINK_ID VARCHAR(10) NOT NULL,
    DRINK_NAME VARCHAR(50),
    PRICE INT,
    EMP_ID VARCHAR(10),
    PRIMARY KEY (DRINK_ID),

    FOREIGN KEY (EMP_ID)
    REFERENCES EMPLOYEE(EMP_ID)
    ON DELETE SET NULL
    ON UPDATE CASCADE
);

CREATE TABLE CUSTOMER_ORDER (
    CUSTOMER_ID VARCHAR(10) NOT NULL,
    DRINK_ID VARCHAR(10) NOT NULL,
    ORDER_DATE VARCHAR(20),

    PRIMARY KEY (CUSTOMER_ID, DRINK_ID, ORDER_DATE),

    FOREIGN KEY (CUSTOMER_ID)
    REFERENCES CUSTOMER(CUSTOMER_ID),

    FOREIGN KEY (DRINK_ID)
    REFERENCES DRINK(DRINK_ID)
);

CREATE TABLE TOPPING (
    TOPPING_ID INT NOT NULL,
    TOPPING_NAME VARCHAR(100),
    DRINK_ID VARCHAR(10),

    PRIMARY KEY (TOPPING_ID),

    FOREIGN KEY (DRINK_ID)
    REFERENCES DRINK(DRINK_ID)
    ON DELETE CASCADE
    ON UPDATE CASCADE
);

CREATE TABLE CUSTOMER_PREFERENCE (
    DRINK_PREFERENCE VARCHAR(50),
    PAYMENT_PREFERENCE VARCHAR(50),
    CUSTOMER_ID VARCHAR(10),

    FOREIGN KEY (CUSTOMER_ID)
    REFERENCES CUSTOMER(CUSTOMER_ID)
    ON DELETE CASCADE
    ON UPDATE CASCADE
);

INSERT INTO EMPLOYEE VALUES
('E001','Nguyen Van A','2000-01-01',8),
('E002','Tran Van B','1999-05-10',6),
('E003','Le Thi C','2001-08-20',7);

INSERT INTO CUSTOMER VALUES
('C001','Nguyen Minh','0911111111','E001'),
('C002','Tran Long','0922222222','E001'),
('C003','Le Hoa','0933333333','E002');

INSERT INTO DRINK VALUES
('D001','Ca phe den',30000,'E001'),
('D002','Ca phe sua',35000,'E001'),
('D003','Tra dao',40000,'E002'),
('D004','Bac xiu',45000,'E003');

INSERT INTO CUSTOMER_ORDER VALUES
('C001','D001','2026-08-01'),
('C001','D003','2026-08-01'),
('C002','D002','2026-08-02'),
('C003','D004','2026-08-03');

INSERT INTO TOPPING VALUES
(1,'Tran chau','D003'),
(2,'Kem sua','D004'),
(3,'Chocolate','D002');

INSERT INTO CUSTOMER_PREFERENCE VALUES
('Ca phe','Tien mat','C001'),
('Tra','The ngan hang','C002'),
('Bac xiu','Vi dien tu','C003');

COMMIT;